<?xml version="1.0" encoding="UTF-8" ?>
<module>
	<name>paybrasb</name>
	<displayName><![CDATA[Paybr&aacute;s - Boleto Banc&aacute;rio]]></displayName>
	<version><![CDATA[1.0]]></version>
	<description><![CDATA[Permite receber pagamentos com Boleto Banc&aacute;rio atrav&eacute;s do gateway Paybr&aacute;s]]></description>
	<author><![CDATA[www.consultoriadaweb.com.br]]></author>
	<tab><![CDATA[payments_gateways]]></tab>
	<confirmUninstall><![CDATA[Tem certeza de que pretende eliminar os seus dados?]]></confirmUninstall>
	<is_configurable>1</is_configurable>
	<need_instance>1</need_instance>
	<limited_countries></limited_countries>
</module>